-- phpMyAdmin SQL Dump
-- version 5.2.1
-- https://www.phpmyadmin.net/
--
-- Host: localhost
-- Generation Time: May 08, 2024 at 12:55 PM
-- Server version: 10.4.28-MariaDB
-- PHP Version: 8.2.4

SET SQL_MODE = "NO_AUTO_VALUE_ON_ZERO";
START TRANSACTION;
SET time_zone = "+00:00";


/*!40101 SET @OLD_CHARACTER_SET_CLIENT=@@CHARACTER_SET_CLIENT */;
/*!40101 SET @OLD_CHARACTER_SET_RESULTS=@@CHARACTER_SET_RESULTS */;
/*!40101 SET @OLD_COLLATION_CONNECTION=@@COLLATION_CONNECTION */;
/*!40101 SET NAMES utf8mb4 */;

--
-- Database: `spk_roc_vikor_laravel_10`
--

-- --------------------------------------------------------

--
-- Table structure for table `alternatif`
--

CREATE TABLE `alternatif` (
  `id_alternatif` int(11) NOT NULL,
  `nama` varchar(100) NOT NULL,
  `divisi` enum('marketing','collection') NOT NULL
) ENGINE=InnoDB DEFAULT CHARSET=latin1 COLLATE=latin1_swedish_ci;

--
-- Dumping data for table `alternatif`
--

INSERT INTO `alternatif` (`id_alternatif`, `nama`, `divisi`) VALUES
(72, 'test divisi collection', 'collection');

-- --------------------------------------------------------

--
-- Table structure for table `hasil`
--

CREATE TABLE `hasil` (
  `id_hasil` int(11) NOT NULL,
  `id_alternatif` int(11) NOT NULL,
  `nilai` float NOT NULL
) ENGINE=InnoDB DEFAULT CHARSET=latin1 COLLATE=latin1_swedish_ci;

-- --------------------------------------------------------

--
-- Table structure for table `kriteria`
--

CREATE TABLE `kriteria` (
  `id_kriteria` int(11) NOT NULL,
  `keterangan` varchar(100) NOT NULL,
  `kode_kriteria` varchar(100) NOT NULL,
  `bobot` float DEFAULT NULL,
  `prioritas` char(10) NOT NULL
) ENGINE=InnoDB DEFAULT CHARSET=latin1 COLLATE=latin1_swedish_ci;

--
-- Dumping data for table `kriteria`
--

INSERT INTO `kriteria` (`id_kriteria`, `keterangan`, `kode_kriteria`, `bobot`, `prioritas`) VALUES
(56, 'Pengalaman', 'K1', 0.370408, '1'),
(57, 'Usia', 'K2', 0.227551, '2'),
(58, 'Pendidikan Terakhir', 'K3', 0.156122, '3'),
(59, 'Jumlah Tanggungan', 'K4', 0.108503, '4'),
(60, 'Tes Akademik', 'K5', 0.0727891, '5'),
(61, 'Jarak', 'K6', 0.0442177, '6'),
(68, 'Tambah Baru', 'K7', 0.0204082, '7');

-- --------------------------------------------------------

--
-- Table structure for table `penilaian`
--

CREATE TABLE `penilaian` (
  `id_penilaian` int(11) NOT NULL,
  `id_alternatif` int(11) NOT NULL,
  `id_kriteria` int(11) NOT NULL,
  `nilai` int(11) NOT NULL
) ENGINE=InnoDB DEFAULT CHARSET=latin1 COLLATE=latin1_swedish_ci;

-- --------------------------------------------------------

--
-- Table structure for table `sub_kriteria`
--

CREATE TABLE `sub_kriteria` (
  `id_sub_kriteria` int(11) NOT NULL,
  `id_kriteria` int(11) NOT NULL,
  `deskripsi` varchar(200) NOT NULL,
  `nilai` float NOT NULL
) ENGINE=InnoDB DEFAULT CHARSET=latin1 COLLATE=latin1_swedish_ci;

--
-- Dumping data for table `sub_kriteria`
--

INSERT INTO `sub_kriteria` (`id_sub_kriteria`, `id_kriteria`, `deskripsi`, `nilai`) VALUES
(278, 56, 'Sangat Buruk', 1),
(279, 56, 'Buruk', 2),
(280, 56, 'Cukup', 3),
(281, 56, 'Baik', 4),
(282, 56, 'Sangat Baik', 5),
(283, 57, '20 Tahun', 1),
(284, 57, '21 Tahun', 2),
(285, 57, '24 Tahun', 3),
(286, 57, '22 Tahun', 4),
(287, 57, '23 Tahun', 5),
(288, 58, 'SD', 1),
(289, 58, 'SMP', 2),
(290, 58, 'SMA', 3),
(291, 58, 'D3', 4),
(292, 58, 'S1', 5),
(293, 59, '>4', 1),
(294, 59, '3', 2),
(295, 59, '2', 3),
(296, 59, '1', 4),
(297, 59, 'Tidak Ada', 5),
(298, 60, 'Sangat Buruk', 1),
(299, 60, 'Buruk', 2),
(300, 60, 'Cukup', 3),
(301, 60, 'Baik', 4),
(302, 60, 'Sangat Baik', 5),
(303, 61, 'Sangat Buruk', 1),
(304, 61, 'Buruk', 2),
(305, 61, 'Cukup', 3),
(306, 61, 'Baik', 4),
(307, 61, 'Sangat Baik', 5),
(313, 68, '10', 10),
(314, 68, '20', 20),
(315, 68, '30', 30),
(316, 68, '40', 40),
(317, 68, '50', 50);

-- --------------------------------------------------------

--
-- Table structure for table `user`
--

CREATE TABLE `user` (
  `id_user` int(11) NOT NULL,
  `id_user_level` int(11) NOT NULL,
  `nama` varchar(200) NOT NULL,
  `email` varchar(100) NOT NULL,
  `username` varchar(100) NOT NULL,
  `password` varchar(100) NOT NULL
) ENGINE=InnoDB DEFAULT CHARSET=latin1 COLLATE=latin1_swedish_ci;

--
-- Dumping data for table `user`
--

INSERT INTO `user` (`id_user`, `id_user_level`, `nama`, `email`, `username`, `password`) VALUES
(1, 1, 'Admin', 'admin@gmail.com', 'admin', '21232f297a57a5a743894a0e4a801fc3'),
(7, 2, 'User', 'user@gmail.com', 'user', 'ee11cbb19052e40b07aac0ca060c23ee'),
(9, 1, 'Deka Royanto', 'deka@gmail.com', 'deka', '57ef16a773d505292b52918bcd6d8d29');

-- --------------------------------------------------------

--
-- Table structure for table `user_level`
--

CREATE TABLE `user_level` (
  `id_user_level` int(11) NOT NULL,
  `user_level` varchar(100) NOT NULL
) ENGINE=InnoDB DEFAULT CHARSET=latin1 COLLATE=latin1_swedish_ci;

--
-- Dumping data for table `user_level`
--

INSERT INTO `user_level` (`id_user_level`, `user_level`) VALUES
(1, 'Administrator'),
(2, 'User');

--
-- Indexes for dumped tables
--

--
-- Indexes for table `alternatif`
--
ALTER TABLE `alternatif`
  ADD PRIMARY KEY (`id_alternatif`);

--
-- Indexes for table `hasil`
--
ALTER TABLE `hasil`
  ADD PRIMARY KEY (`id_hasil`),
  ADD KEY `id_alternatif` (`id_alternatif`);

--
-- Indexes for table `kriteria`
--
ALTER TABLE `kriteria`
  ADD PRIMARY KEY (`id_kriteria`);

--
-- Indexes for table `penilaian`
--
ALTER TABLE `penilaian`
  ADD PRIMARY KEY (`id_penilaian`),
  ADD KEY `id_alternatif` (`id_alternatif`),
  ADD KEY `id_kriteria` (`id_kriteria`),
  ADD KEY `nilai` (`nilai`);

--
-- Indexes for table `sub_kriteria`
--
ALTER TABLE `sub_kriteria`
  ADD PRIMARY KEY (`id_sub_kriteria`),
  ADD KEY `id_kriteria` (`id_kriteria`);

--
-- Indexes for table `user`
--
ALTER TABLE `user`
  ADD PRIMARY KEY (`id_user`),
  ADD KEY `id_user_level` (`id_user_level`);

--
-- Indexes for table `user_level`
--
ALTER TABLE `user_level`
  ADD PRIMARY KEY (`id_user_level`);

--
-- AUTO_INCREMENT for dumped tables
--

--
-- AUTO_INCREMENT for table `alternatif`
--
ALTER TABLE `alternatif`
  MODIFY `id_alternatif` int(11) NOT NULL AUTO_INCREMENT, AUTO_INCREMENT=73;

--
-- AUTO_INCREMENT for table `hasil`
--
ALTER TABLE `hasil`
  MODIFY `id_hasil` int(11) NOT NULL AUTO_INCREMENT, AUTO_INCREMENT=8;

--
-- AUTO_INCREMENT for table `kriteria`
--
ALTER TABLE `kriteria`
  MODIFY `id_kriteria` int(11) NOT NULL AUTO_INCREMENT, AUTO_INCREMENT=69;

--
-- AUTO_INCREMENT for table `penilaian`
--
ALTER TABLE `penilaian`
  MODIFY `id_penilaian` int(11) NOT NULL AUTO_INCREMENT, AUTO_INCREMENT=473;

--
-- AUTO_INCREMENT for table `sub_kriteria`
--
ALTER TABLE `sub_kriteria`
  MODIFY `id_sub_kriteria` int(11) NOT NULL AUTO_INCREMENT, AUTO_INCREMENT=318;

--
-- AUTO_INCREMENT for table `user`
--
ALTER TABLE `user`
  MODIFY `id_user` int(11) NOT NULL AUTO_INCREMENT, AUTO_INCREMENT=10;

--
-- AUTO_INCREMENT for table `user_level`
--
ALTER TABLE `user_level`
  MODIFY `id_user_level` int(11) NOT NULL AUTO_INCREMENT, AUTO_INCREMENT=3;

--
-- Constraints for dumped tables
--

--
-- Constraints for table `hasil`
--
ALTER TABLE `hasil`
  ADD CONSTRAINT `hasil_ibfk_1` FOREIGN KEY (`id_alternatif`) REFERENCES `alternatif` (`id_alternatif`) ON DELETE CASCADE ON UPDATE CASCADE;

--
-- Constraints for table `penilaian`
--
ALTER TABLE `penilaian`
  ADD CONSTRAINT `penilaian_ibfk_1` FOREIGN KEY (`id_alternatif`) REFERENCES `alternatif` (`id_alternatif`) ON DELETE CASCADE ON UPDATE CASCADE,
  ADD CONSTRAINT `penilaian_ibfk_2` FOREIGN KEY (`id_kriteria`) REFERENCES `kriteria` (`id_kriteria`) ON DELETE CASCADE ON UPDATE CASCADE,
  ADD CONSTRAINT `penilaian_ibfk_3` FOREIGN KEY (`nilai`) REFERENCES `sub_kriteria` (`id_sub_kriteria`) ON DELETE CASCADE ON UPDATE CASCADE;

--
-- Constraints for table `sub_kriteria`
--
ALTER TABLE `sub_kriteria`
  ADD CONSTRAINT `sub_kriteria_ibfk_1` FOREIGN KEY (`id_kriteria`) REFERENCES `kriteria` (`id_kriteria`) ON DELETE CASCADE ON UPDATE CASCADE;

--
-- Constraints for table `user`
--
ALTER TABLE `user`
  ADD CONSTRAINT `user_ibfk_1` FOREIGN KEY (`id_user_level`) REFERENCES `user_level` (`id_user_level`) ON DELETE CASCADE ON UPDATE CASCADE;
COMMIT;

/*!40101 SET CHARACTER_SET_CLIENT=@OLD_CHARACTER_SET_CLIENT */;
/*!40101 SET CHARACTER_SET_RESULTS=@OLD_CHARACTER_SET_RESULTS */;
/*!40101 SET COLLATION_CONNECTION=@OLD_COLLATION_CONNECTION */;
